,Perc_Trichomes,Perc_N-fixers,Plant_diversity_80,Plant_diversity_250,Evenness,Mean_Annual_Precipitation,Dam_Freq,Spec_Dam_Freq,DT_at_80,Spec_DTs_80
Level_A,67.52873563,55.3008596,16.81827182,25.03,0.504727865,1638,23.21,3.9286,9.38,2.73
Level_B,80.45112782,79.75,16.94264239,26.69,0.380413983,1583,35.5978,7.6087,12.81,4.26
Level_C,85.10638298,69.47368421,13.73669754,NA,0.485911401,NA,29.268,2.439,9.96,1.98
Level_D,78.21969697,76.87969925,18.09400654,28.41,0.394936575,1523,27.721,6.981,11.68,4.28
Level_E,76.92307692,76.07843137,16.49923915,25.23,0.379188787,1608,33.3333,7.25,13.82,4.47
Level_F,88.17005545,87.43068392,12.11901674,18.23,0.311726675,1597,36,9.2,14.05,4.47